image_file_path	label	probability_unfriendly
TestingImages/friendly/elife-00031-fig4-v1.jpg	friendly	2.9485530831152573e-05
TestingImages/friendly/elife-00190-fig8-v1.jpg	friendly	2.6311934561817907e-05
TestingImages/friendly/elife-00288-fig4-v1.jpg	friendly	0.00018706222181208432
TestingImages/friendly/elife-00348-fig7-v1.jpg	friendly	0.0007176504586823285
TestingImages/friendly/elife-00594-fig9-v1.jpg	friendly	0.006212849169969559
TestingImages/friendly/elife-00731-fig11-v1.jpg	friendly	2.2311240172712132e-05
TestingImages/friendly/elife-00762-fig1-v1.jpg	friendly	3.84313243557699e-05
TestingImages/friendly/elife-00808-fig1-v1.jpg	friendly	3.237940836697817e-05
TestingImages/friendly/elife-00813-fig6-v1.jpg	friendly	0.9716878533363342
TestingImages/friendly/elife-00882-fig6-v1.jpg	friendly	5.190027513890527e-05
TestingImages/friendly/elife-00905-fig2-v1.jpg	friendly	0.00011941875709453598
TestingImages/friendly/elife-00926-fig11-v1.jpg	friendly	0.035541873425245285
TestingImages/friendly/elife-01149-fig5-v1.jpg	friendly	0.00010713277151808143
TestingImages/friendly/elife-01157-fig2-v1.jpg	friendly	0.0020260659512132406
TestingImages/friendly/elife-01222-fig2-v1.jpg	friendly	0.009027626365423203
TestingImages/friendly/elife-01279-fig2-v1.jpg	friendly	0.00040829082718119025
TestingImages/friendly/elife-01287-fig8-v1.jpg	friendly	0.01568966917693615
TestingImages/friendly/elife-01308-fig2-v1.jpg	friendly	0.10146582871675491
TestingImages/friendly/elife-01311-fig15-v1.jpg	friendly	0.00028330666827969253
TestingImages/friendly/elife-01341-fig4-v1.jpg	friendly	0.8046845197677612
TestingImages/friendly/elife-01440-fig5-v1.jpg	friendly	1.2066796173382244e-10
TestingImages/friendly/elife-01483-fig8-v1.jpg	friendly	0.0003658710338640958
TestingImages/friendly/elife-01498-fig3-v1.jpg	friendly	7.478516636183485e-05
TestingImages/friendly/elife-01524-fig6-v1.jpg	friendly	0.0005081804702058434
TestingImages/friendly/elife-01610-fig4-v1.jpg	friendly	0.00015360779070761055
TestingImages/friendly/elife-01610-fig9-v1.jpg	friendly	1.8123353584087454e-05
TestingImages/friendly/elife-01641-fig4-v1.jpg	friendly	0.030616315081715584
TestingImages/friendly/elife-01730-fig7-v1.jpg	friendly	3.615679088397883e-05
TestingImages/friendly/elife-01963-fig11-v1.jpg	friendly	8.683709165779874e-05
TestingImages/friendly/elife-02024-fig8-v2.jpg	friendly	0.0003468739159870893
TestingImages/friendly/elife-02391-fig8-v2.jpg	friendly	8.658894512336701e-05
TestingImages/friendly/elife-02798-fig2-v1.jpg	friendly	9.151431754617079e-07
TestingImages/friendly/elife-02848-fig1-v2.jpg	friendly	0.000944207888096571
TestingImages/friendly/elife-03091-fig3-v1.jpg	friendly	0.004092043731361628
TestingImages/friendly/elife-03198-fig4-v2.jpg	friendly	0.0018913004314526916
TestingImages/friendly/elife-03198-fig5-v2.jpg	friendly	0.004267337266355753
TestingImages/friendly/elife-03251-fig3-v2.jpg	friendly	0.6568061709403992
TestingImages/friendly/elife-03293-fig7-v2.jpg	friendly	0.0009481248562224209
TestingImages/friendly/elife-03372-fig3-v1.jpg	friendly	9.820631021284498e-06
TestingImages/friendly/elife-03522-fig7-v1.jpg	friendly	0.0032886832486838102
TestingImages/friendly/elife-03542-fig3-v2.jpg	friendly	0.005270300433039665
TestingImages/friendly/elife-03726-fig8-v1.jpg	friendly	0.12699855864048004
TestingImages/friendly/elife-03949-fig2-v2.jpg	friendly	1.3597769793705083e-05
TestingImages/friendly/elife-04288-fig5-v1.jpg	friendly	0.0005345651879906654
TestingImages/friendly/elife-04389-fig10-v2.jpg	friendly	0.011523238383233547
TestingImages/friendly/elife-04535-fig6-v2.jpg	friendly	0.3659949004650116
TestingImages/friendly/elife-04581-fig7-v2.jpg	friendly	0.005892510060220957
TestingImages/friendly/elife-04660-fig6-v2.jpg	friendly	0.003275063121691346
TestingImages/friendly/elife-04664-fig7-v2.jpg	friendly	4.661232196667697e-06
TestingImages/friendly/elife-04988-fig1-v2.jpg	friendly	0.00021663264487870038
TestingImages/friendly/elife-05098-fig8-v1.jpg	friendly	0.0002860514505300671
TestingImages/friendly/elife-05105-fig3-v2.jpg	friendly	0.46212854981422424
TestingImages/friendly/elife-05161-fig1-v1.jpg	friendly	0.007249669637531042
TestingImages/friendly/elife-05457-fig8-v1.jpg	friendly	0.007559716235846281
TestingImages/friendly/elife-05534-fig7-v2.jpg	friendly	7.040615646047854e-09
TestingImages/friendly/elife-05560-fig9-v2.jpg	friendly	0.005572656635195017
TestingImages/friendly/elife-05604-fig3-v1.jpg	friendly	0.0009546926594339311
TestingImages/friendly/elife-05981-fig7-v2.jpg	friendly	4.0728900785325095e-05
TestingImages/friendly/elife-06195-fig8-v2.jpg	friendly	4.9413691158406436e-05
TestingImages/friendly/elife-06359-fig5-v1.jpg	friendly	0.0003858518903143704
TestingImages/friendly/elife-06444-fig4-v2.jpg	friendly	0.9643584489822388
TestingImages/friendly/elife-06498-fig3-v2.jpg	friendly	1.2838733709941152e-05
TestingImages/friendly/elife-06516-fig3-v2.jpg	friendly	7.332917903113412e-06
TestingImages/friendly/elife-06541-fig10-v1.jpg	friendly	0.0005100405542179942
TestingImages/friendly/elife-06541-fig3-v1.jpg	friendly	0.0002861559041775763
TestingImages/friendly/elife-06576-fig2-v1.jpg	friendly	0.00011372002336429432
TestingImages/friendly/elife-06670-fig1-v2.jpg	friendly	0.011508599855005741
TestingImages/friendly/elife-06744-fig5-v2.jpg	friendly	0.001285217353142798
TestingImages/friendly/elife-07025-fig1-v2.jpg	friendly	7.62462368584238e-05
TestingImages/friendly/elife-07025-fig2-v2.jpg	friendly	1.6882117051864043e-05
TestingImages/friendly/elife-07277-fig6-v1.jpg	friendly	0.03318200632929802
TestingImages/friendly/elife-07295-fig1-v2.jpg	friendly	5.908778257435188e-05
TestingImages/friendly/elife-07295-fig2-v2.jpg	friendly	0.0008691955008544028
TestingImages/friendly/elife-07398-fig1-v2.jpg	friendly	5.254208008409478e-05
TestingImages/friendly/elife-07454-fig5-v3.jpg	friendly	0.007504441309720278
TestingImages/friendly/elife-07777-fig4-v2.jpg	friendly	0.9203630685806274
TestingImages/friendly/elife-07864-fig5-v2.jpg	friendly	6.596750949938723e-07
TestingImages/friendly/elife-07938-fig7-v2.jpg	friendly	0.00019260415865574032
TestingImages/friendly/elife-07966-fig4-v2.jpg	friendly	3.864116479235236e-06
TestingImages/friendly/elife-08261-fig4-v2.jpg	friendly	0.4227350950241089
TestingImages/friendly/elife-08417-fig5-v2.jpg	friendly	0.0007377972360700369
TestingImages/friendly/elife-08494-fig2-v1.jpg	friendly	6.999871857260587e-06
TestingImages/friendly/elife-08666-fig1-v2.jpg	friendly	0.0015109911328181624
TestingImages/friendly/elife-08905-fig6-v2.jpg	friendly	0.12769611179828644
TestingImages/friendly/elife-08996-fig10-v2.jpg	friendly	0.0012440658174455166
TestingImages/friendly/elife-09181-fig3-v2.jpg	friendly	0.0004622617270797491
TestingImages/friendly/elife-09214-fig6-v2.jpg	friendly	0.006164576392620802
TestingImages/friendly/elife-09376-fig2-v1.jpg	friendly	0.0006389240152202547
TestingImages/friendly/elife-09391-fig5-v2.jpg	friendly	0.0002204587362939492
TestingImages/friendly/elife-09531-fig7-v1.jpg	friendly	0.0037863876204937696
TestingImages/friendly/elife-09560-fig19-v1.jpg	friendly	0.0008939697872847319
TestingImages/friendly/elife-09656-fig5-v1.jpg	friendly	0.0013984644319862127
TestingImages/friendly/elife-10110-fig3-v1.jpg	friendly	0.00232190964743495
TestingImages/friendly/elife-10140-fig2-v3.jpg	friendly	0.018609918653964996
TestingImages/friendly/elife-10230-fig8-v2.jpg	friendly	0.06127943843603134
TestingImages/friendly/elife-10365-fig4-v2.jpg	friendly	7.80787886469625e-05
TestingImages/friendly/elife-10421-fig1-v1.jpg	friendly	0.0031297632958739996
TestingImages/friendly/elife-10473-fig1-v1.jpg	friendly	0.011967726051807404
TestingImages/friendly/elife-10473-fig2-v1.jpg	friendly	0.42200371623039246
TestingImages/friendly/elife-10557-fig6-v1.jpg	friendly	0.01634777896106243
TestingImages/friendly/elife-11050-fig1-v1.jpg	friendly	0.032565999776124954
TestingImages/friendly/elife-11205-fig6-v2.jpg	friendly	0.06693343818187714
TestingImages/friendly/elife-11297-fig2-v3.jpg	friendly	0.00021549774101004004
TestingImages/friendly/elife-11315-fig2-v2.jpg	friendly	0.0008410468581132591
TestingImages/friendly/elife-11475-fig6-v1.jpg	friendly	5.912009328312706e-06
TestingImages/friendly/elife-11571-fig3-v2.jpg	friendly	3.9149404074123595e-06
TestingImages/friendly/elife-11611-fig8-v2.jpg	friendly	0.0027733012102544308
TestingImages/friendly/elife-11994-fig7-v2.jpg	friendly	0.0013847782975062728
TestingImages/friendly/elife-12029-fig8-v4.jpg	friendly	0.7721773982048035
TestingImages/friendly/elife-12047-fig4-v2.jpg	friendly	0.001019894378259778
TestingImages/friendly/elife-12059-fig4-v1.jpg	friendly	4.151659595663659e-06
TestingImages/friendly/elife-12115-fig2-v1.jpg	friendly	0.001959394197911024
TestingImages/friendly/elife-12125-fig4-v3.jpg	friendly	0.00028890048270113766
TestingImages/friendly/elife-13065-fig3-v1.jpg	friendly	0.0006750674801878631
TestingImages/friendly/elife-13087-fig3-v1.jpg	friendly	0.00017295968427788466
TestingImages/friendly/elife-13254-fig2-v1.jpg	friendly	3.2785339953989023e-06
TestingImages/friendly/elife-13273-fig6-v1.jpg	friendly	0.002494943793863058
TestingImages/friendly/elife-13426-fig6-v1.jpg	friendly	5.167723793420009e-05
TestingImages/friendly/elife-13764-fig2-v1.jpg	friendly	0.0004214855143800378
TestingImages/friendly/elife-13905-fig2-v2.jpg	friendly	0.19955210387706757
TestingImages/friendly/elife-13909-fig5-v2.jpg	friendly	0.00017247089999727905
TestingImages/friendly/elife-14694-fig7-v1.jpg	friendly	0.6347747445106506
TestingImages/friendly/elife-14730-fig3-v3.jpg	friendly	0.0016903083305805922
TestingImages/friendly/elife-15018-fig3-v1.jpg	friendly	0.0011865721317008138
TestingImages/friendly/elife-15161-fig4-v1.jpg	friendly	0.1879432052373886
TestingImages/friendly/elife-15325-fig12-v2.jpg	friendly	0.00023799444898031652
TestingImages/friendly/elife-15545-fig5-v3.jpg	friendly	5.712340680474881e-06
TestingImages/friendly/elife-15718-fig10-v1.jpg	friendly	0.0011159807909280062
TestingImages/friendly/elife-15986-fig6-v3.jpg	friendly	0.000746095844078809
TestingImages/friendly/elife-16070-fig12-v2.jpg	friendly	0.00014473371265921742
TestingImages/friendly/elife-16072-fig4-v2.jpg	friendly	0.02948286198079586
TestingImages/friendly/elife-16349-fig8-v1.jpg	friendly	7.267005003086524e-06
TestingImages/friendly/elife-16409-fig6-v2.jpg	friendly	8.026339492062107e-05
TestingImages/friendly/elife-16777-fig5-v2.jpg	friendly	0.0001253271329915151
TestingImages/friendly/elife-16793-fig7-v3.jpg	friendly	2.7531582418305334e-06
TestingImages/friendly/elife-16940-fig3-v1.jpg	friendly	0.3415793180465698
TestingImages/friendly/elife-17096-fig4-v2.jpg	friendly	0.004476651549339294
TestingImages/friendly/elife-17820-fig6-v5.jpg	friendly	0.00016303849406540394
TestingImages/friendly/elife-18126-fig6-v2.jpg	friendly	0.5532972812652588
TestingImages/friendly/elife-18270-fig7-v2.jpg	friendly	6.132509611234127e-07
TestingImages/friendly/elife-18290-fig5-v2.jpg	friendly	0.00037106763920746744
TestingImages/friendly/elife-18318-fig3-v1.jpg	friendly	0.000159133443958126
TestingImages/friendly/elife-18591-fig1-v2.jpg	friendly	0.36182889342308044
TestingImages/friendly/elife-18857-fig4-v2.jpg	friendly	1.7981797384436504e-07
TestingImages/friendly/elife-19022-fig10-v3.jpg	friendly	0.007415403611958027
TestingImages/friendly/elife-19089-fig1-v2.jpg	friendly	0.00030801870161667466
TestingImages/friendly/elife-19145-fig4-v2.jpg	friendly	1.693006561254151e-05
TestingImages/friendly/elife-19394-fig6-v3.jpg	friendly	0.19708862900733948
TestingImages/friendly/elife-19469-fig10-v2.jpg	friendly	6.242702511372045e-05
TestingImages/friendly/elife-19484-fig4-v2.jpg	friendly	0.10872643440961838
TestingImages/friendly/elife-19535-fig5-v1.jpg	friendly	2.9765551516902633e-06
TestingImages/friendly/elife-19720-fig6-v1.jpg	friendly	0.0002884485584218055
TestingImages/friendly/elife-20023-fig3-v1.jpg	friendly	0.00010997289064107463
TestingImages/friendly/elife-20156-fig5-v1.jpg	friendly	0.8763550519943237
TestingImages/friendly/elife-20198-fig5-v2.jpg	friendly	0.9463817477226257
TestingImages/friendly/elife-20331-fig2-v2.jpg	friendly	9.418830813956447e-06
TestingImages/friendly/elife-20390-fig3-v2.jpg	friendly	5.777846581622725e-06
TestingImages/friendly/elife-20542-fig8-v2.jpg	friendly	0.0030478453263640404
TestingImages/friendly/elife-20552-fig8-v1.jpg	friendly	0.0005379256326705217
TestingImages/friendly/elife-20695-fig1-v1.jpg	friendly	0.0024752120953053236
TestingImages/friendly/elife-20707-fig5-v2.jpg	friendly	0.0007412851555272937
TestingImages/friendly/elife-20718-fig6-v4.jpg	friendly	0.036627162247896194
TestingImages/friendly/elife-20721-fig1-v1.jpg	friendly	0.0002205453929491341
TestingImages/friendly/elife-21126-fig6-v2.jpg	friendly	0.02614818699657917
TestingImages/friendly/elife-21172-fig5-v2.jpg	friendly	9.790856893232558e-06
TestingImages/friendly/elife-21397-fig1-v1.jpg	friendly	0.011207335628569126
TestingImages/friendly/elife-21615-fig4-v2.jpg	friendly	0.5943054556846619
TestingImages/friendly/elife-21937-fig7-v2.jpg	friendly	4.698902102973079e-06
TestingImages/friendly/elife-22089-fig1-v1.jpg	friendly	0.01060253381729126
TestingImages/friendly/elife-22114-fig5-v2.jpg	friendly	0.00041945953853428364
TestingImages/friendly/elife-22144-fig3-v2.jpg	friendly	0.001155554549768567
TestingImages/friendly/elife-22175-fig7-v1.jpg	friendly	0.0005621658056043088
TestingImages/friendly/elife-22264-fig6-v2.jpg	friendly	0.5002163052558899
TestingImages/friendly/elife-22280-fig1-v4.jpg	friendly	0.9990487694740295
TestingImages/friendly/elife-22477-fig7-v2.jpg	friendly	0.0009973942069336772
TestingImages/friendly/elife-22509-fig5-v2.jpg	friendly	0.06339827924966812
TestingImages/friendly/elife-22512-fig6-v2.jpg	friendly	1.422272816853365e-06
TestingImages/friendly/elife-22520-fig6-v2.jpg	friendly	0.10808246582746506
TestingImages/friendly/elife-22896-fig1-v1.jpg	friendly	0.00046103904605843127
TestingImages/friendly/elife-22900-fig1-v2.jpg	friendly	0.9022598266601562
TestingImages/friendly/elife-22962-fig4-v2.jpg	friendly	0.006062585860490799
TestingImages/friendly/elife-22974-fig4-v2.jpg	friendly	0.012827614322304726
TestingImages/friendly/elife-23024-fig3-v3.jpg	friendly	7.837220437068027e-06
TestingImages/friendly/elife-23040-fig5-v1.jpg	friendly	7.301975983864395e-06
TestingImages/friendly/elife-23084-fig1-v2.jpg	friendly	3.8887887058081105e-05
TestingImages/friendly/elife-23130-fig5-v1.jpg	friendly	0.00028416988789103925
TestingImages/friendly/elife-23193-fig10-v2.jpg	friendly	0.5139349699020386
TestingImages/friendly/elife-23193-fig4-v2.jpg	friendly	4.302475645090453e-05
TestingImages/friendly/elife-23763-fig11-v3.jpg	friendly	0.004335590172559023
TestingImages/friendly/elife-23955-fig6-v2.jpg	friendly	6.071609277569223e-06
TestingImages/friendly/elife-24063-fig4-v1.jpg	friendly	0.00016141278319992125
TestingImages/friendly/elife-24241-fig1-v2.jpg	friendly	0.0016163844848051667
TestingImages/friendly/elife-24271-fig1-v1.jpg	friendly	0.21272940933704376
TestingImages/friendly/elife-24550-fig5-v2.jpg	friendly	2.668442448339192e-06
TestingImages/friendly/elife-24779-fig2-v2.jpg	friendly	0.28827571868896484
TestingImages/friendly/elife-24779-fig5-v2.jpg	friendly	0.0018353569321334362
TestingImages/friendly/elife-24910-fig2-v3.jpg	friendly	0.3562123477458954
TestingImages/friendly/elife-24910-fig5-v3.jpg	friendly	0.031028689816594124
TestingImages/friendly/elife-24958-fig4-v2.jpg	friendly	4.616220758180134e-05
TestingImages/friendly/elife-24992-fig8-v2.jpg	friendly	2.0278342560686724e-07
TestingImages/friendly/elife-25062-fig1-v1.jpg	friendly	0.7865378260612488
TestingImages/friendly/elife-25217-fig1-v2.jpg	friendly	0.009308104403316975
TestingImages/friendly/elife-25233-fig2-v2.jpg	friendly	4.748163701151498e-05
TestingImages/friendly/elife-25317-fig5-v1.jpg	friendly	0.002089523710310459
TestingImages/friendly/elife-25423-fig8-v2.jpg	friendly	0.7541752457618713
TestingImages/friendly/elife-25651-fig4-v2.jpg	friendly	0.0015420501586049795
TestingImages/friendly/elife-25716-fig1-v2.jpg	friendly	0.0010784175246953964
TestingImages/friendly/elife-25742-fig4-v1.jpg	friendly	0.16375230252742767
TestingImages/friendly/elife-25818-fig10-v1.jpg	friendly	0.00021066379849798977
TestingImages/friendly/elife-25884-fig7-v1.jpg	friendly	0.004418217111378908
TestingImages/friendly/elife-25887-fig4-v1.jpg	friendly	0.0012775869108736515
TestingImages/friendly/elife-25950-fig2-v1.jpg	friendly	0.00026121747214347124
TestingImages/friendly/elife-26084-fig2-v2.jpg	friendly	8.376491678063758e-06
TestingImages/friendly/elife-26109-fig4-v2.jpg	friendly	9.690680599305779e-05
TestingImages/friendly/elife-26287-fig3-v2.jpg	friendly	0.9851163625717163
TestingImages/friendly/elife-26371-fig2-v2.jpg	friendly	0.012927906587719917
TestingImages/friendly/elife-26404-fig4-v1.jpg	friendly	0.006765497382730246
TestingImages/friendly/elife-26733-fig6-v2.jpg	friendly	0.0010619445238262415
TestingImages/friendly/elife-26759-fig1-v1.jpg	friendly	0.0005108555196784437
TestingImages/friendly/elife-26876-fig1-v1.jpg	friendly	1.4777377145946957e-05
TestingImages/friendly/elife-26945-fig4-v2.jpg	friendly	0.00015307178546208888
TestingImages/friendly/elife-27038-fig3-v2.jpg	friendly	0.5327315330505371
TestingImages/friendly/elife-27057-fig8-v1.jpg	friendly	0.0016787307104095817
TestingImages/friendly/elife-27192-fig7-v2.jpg	friendly	0.009585955180227757
TestingImages/friendly/elife-27301-fig1-v1.jpg	friendly	0.0008263493073172867
TestingImages/friendly/elife-27301-fig5-v1.jpg	friendly	0.0031004881020635366
TestingImages/friendly/elife-27364-fig4-v1.jpg	friendly	0.00013795660925097764
TestingImages/friendly/elife-27414-fig4-v2.jpg	friendly	0.829196572303772
TestingImages/friendly/elife-27564-fig6-v2.jpg	friendly	0.05144989490509033
TestingImages/friendly/elife-27590-fig3-v1.jpg	friendly	1.3212911875726263e-09
TestingImages/friendly/elife-27670-fig2-v3.jpg	friendly	1.6398944353568368e-06
TestingImages/friendly/elife-27793-fig5-v2.jpg	friendly	4.00023054680787e-05
TestingImages/friendly/elife-27995-fig4-v1.jpg	friendly	1.6118333405756857e-06
TestingImages/friendly/elife-28034-fig5-v1.jpg	friendly	2.8492551791714504e-05
TestingImages/friendly/elife-28141-fig4-v2.jpg	friendly	1.2601119578903308e-06
TestingImages/friendly/elife-28166-fig3-v2.jpg	friendly	0.00037036542198620737
TestingImages/friendly/elife-28231-fig1-v2.jpg	friendly	0.013296915218234062
TestingImages/friendly/elife-28275-fig3-v2.jpg	friendly	0.01914268359541893
TestingImages/friendly/elife-28433-fig2-v2.jpg	friendly	0.00014688103692606091
TestingImages/friendly/elife-28482-fig2-v2.jpg	friendly	5.500383849721402e-06
TestingImages/friendly/elife-28662-fig8-v2.jpg	friendly	0.057629287242889404
TestingImages/friendly/elife-28865-fig2-v2.jpg	friendly	0.4077605605125427
TestingImages/friendly/elife-28899-fig5-v2.jpg	friendly	2.854700323950965e-05
TestingImages/friendly/elife-28909-fig2-v2.jpg	friendly	0.9845654368400574
TestingImages/friendly/elife-29150-fig3-v2.jpg	friendly	8.956354577094316e-05
TestingImages/friendly/elife-29236-fig7-v1.jpg	friendly	0.42188867926597595
TestingImages/friendly/elife-29241-fig2-v1.jpg	friendly	0.5480524897575378
TestingImages/friendly/elife-29388-fig1-v1.jpg	friendly	0.00041549914749339223
TestingImages/friendly/elife-29594-fig6-v1.jpg	friendly	3.215226752217859e-05
TestingImages/friendly/elife-29913-fig1-v1.jpg	friendly	0.00392853282392025
TestingImages/friendly/elife-29953-fig2-v1.jpg	friendly	0.0007357200956903398
TestingImages/friendly/elife-30000-fig6-v2.jpg	friendly	1.198204131469538e-06
TestingImages/friendly/elife-30107-fig3-v2.jpg	friendly	0.9918130040168762
TestingImages/friendly/elife-30205-fig1-v1.jpg	friendly	0.0004950683214701712
TestingImages/friendly/elife-30640-fig5-v2.jpg	friendly	0.012108425609767437
TestingImages/friendly/elife-30760-fig2-v2.jpg	friendly	0.09588317573070526
TestingImages/friendly/elife-30916-fig4-v2.jpg	friendly	9.628054249333218e-05
TestingImages/friendly/elife-30918-fig7-v2.jpg	friendly	0.0009349096217192709
TestingImages/friendly/elife-30947-fig3-v1.jpg	friendly	0.004107166547328234
TestingImages/friendly/elife-30955-fig5-v2.jpg	friendly	3.209559145034291e-05
TestingImages/friendly/elife-31013-fig5-v2.jpg	friendly	0.10747329145669937
TestingImages/friendly/elife-31186-fig4-v2.jpg	friendly	0.0013357946882024407
TestingImages/friendly/elife-31425-fig1-v3.jpg	friendly	4.3948955408268375e-07
TestingImages/friendly/elife-31469-fig8-v2.jpg	friendly	1.5054346249598893e-06
TestingImages/friendly/elife-31543-fig2-v2.jpg	friendly	1.4059533270938118e-07
TestingImages/friendly/elife-31579-fig1-v2.jpg	friendly	0.000908536952920258
TestingImages/friendly/elife-31670-fig7-v1.jpg	friendly	1.9703087161815347e-07
TestingImages/friendly/elife-31683-fig3-v1.jpg	friendly	3.549171378836036e-05
TestingImages/friendly/elife-31977-fig2-v2.jpg	friendly	2.7996897188131697e-05
TestingImages/friendly/elife-32077-fig7-v2.jpg	friendly	0.09180553257465363
TestingImages/friendly/elife-32167-fig3-v2.jpg	friendly	0.0005031960317865014
TestingImages/friendly/elife-32177-fig3-v4.jpg	friendly	0.02087092399597168
TestingImages/friendly/elife-32282-fig6-v2.jpg	friendly	0.1380700170993805
TestingImages/friendly/elife-32373-fig10-v2.jpg	friendly	5.806280387332663e-05
TestingImages/friendly/elife-32451-fig4-v1.jpg	friendly	0.07944528758525848
TestingImages/friendly/elife-32471-fig7-v3.jpg	friendly	0.0026994156651198864
TestingImages/friendly/elife-32581-fig4-v2.jpg	friendly	9.188631520373747e-05
TestingImages/friendly/elife-32696-fig2-v2.jpg	friendly	0.0003706425486598164
TestingImages/friendly/elife-32794-fig4-v2.jpg	friendly	5.0522965466370806e-05
TestingImages/friendly/elife-32860-fig1-v2.jpg	friendly	3.9940707210917026e-05
TestingImages/friendly/elife-33033-fig2-v1.jpg	friendly	0.0018989642849192023
TestingImages/friendly/elife-33065-fig3-v1.jpg	friendly	6.683426181552932e-05
TestingImages/friendly/elife-33107-fig2-v1.jpg	friendly	0.0066222273744642735
TestingImages/friendly/elife-33178-fig6-v2.jpg	friendly	0.0036294974852353334
TestingImages/friendly/elife-33221-fig5-v2.jpg	friendly	0.8959718346595764
TestingImages/friendly/elife-33273-fig4-v2.jpg	friendly	0.0018028857884928584
TestingImages/friendly/elife-33333-fig4-v2.jpg	friendly	0.00038004631642252207
TestingImages/friendly/elife-33420-fig2-v2.jpg	friendly	0.00013687534374184906
TestingImages/friendly/elife-33423-fig10-v1.jpg	friendly	0.013185158371925354
TestingImages/friendly/elife-33468-fig7-v1.jpg	friendly	0.0031277851667255163
TestingImages/friendly/elife-33845-fig1-v2.jpg	friendly	1.0508597370062489e-05
TestingImages/friendly/elife-34171-fig3-v2.jpg	friendly	3.538006421877071e-05
TestingImages/friendly/elife-34176-fig1-v1.jpg	friendly	0.004125155508518219
TestingImages/friendly/elife-34241-fig9-v2.jpg	friendly	0.0004656825040001422
TestingImages/friendly/elife-34323-fig1-v2.jpg	friendly	0.00012501381570473313
TestingImages/friendly/elife-34353-fig3-v2.jpg	friendly	0.007315929047763348
TestingImages/friendly/elife-34404-fig2-v1.jpg	friendly	3.1545962428936036e-06
TestingImages/friendly/elife-34409-fig7-v2.jpg	friendly	0.00020564004080370069
TestingImages/friendly/elife-34574-fig1-v1.jpg	friendly	0.0009634716552682221
TestingImages/friendly/elife-34586-fig3-v1.jpg	friendly	0.0026973073836416006
TestingImages/friendly/elife-34593-fig4-v1.jpg	friendly	0.002388015855103731
TestingImages/friendly/elife-34815-fig4-v2.jpg	friendly	0.0001730068470351398
TestingImages/friendly/elife-34820-fig3-v1.jpg	friendly	2.611290619825013e-05
TestingImages/friendly/elife-34836-fig1-v2.jpg	friendly	0.0008654901175759733
TestingImages/friendly/elife-34862-fig3-v2.jpg	friendly	0.00010439315519761294
TestingImages/friendly/elife-34955-fig1-v2.jpg	friendly	2.4510045477654785e-06
TestingImages/friendly/elife-34955-fig5-v2.jpg	friendly	2.5847937124012788e-08
TestingImages/friendly/elife-34970-fig2-v2.jpg	friendly	0.14840689301490784
TestingImages/friendly/elife-35112-fig5-v2.jpg	friendly	0.07741043716669083
TestingImages/friendly/elife-35255-fig1-v2.jpg	friendly	0.0001774983829818666
TestingImages/friendly/elife-35264-fig5-v2.jpg	friendly	0.00038609711918979883
TestingImages/friendly/elife-35500-fig11-v1.jpg	friendly	0.0004850663826800883
TestingImages/friendly/elife-35677-fig6-v2.jpg	friendly	7.87022290751338e-05
TestingImages/friendly/elife-35685-fig5-v1.jpg	friendly	0.17398951947689056
TestingImages/friendly/elife-36021-fig6-v2.jpg	friendly	0.00030246374080888927
TestingImages/friendly/elife-36204-fig5-v1.jpg	friendly	0.001512835267931223
TestingImages/friendly/elife-36482-fig1-v2.jpg	friendly	7.588088010379579e-06
TestingImages/friendly/elife-36482-fig8-v2.jpg	friendly	0.008030585013329983
TestingImages/friendly/elife-36494-fig3-v1.jpg	friendly	0.0006119125173427165
TestingImages/friendly/elife-36758-fig5-v2.jpg	friendly	0.9611757397651672
TestingImages/friendly/elife-36781-fig2-v2.jpg	friendly	3.899699368048459e-05
TestingImages/friendly/elife-36892-fig4-v2.jpg	friendly	0.006201800890266895
TestingImages/friendly/elife-37018-fig6-v2.jpg	friendly	3.4399130210971407e-09
TestingImages/friendly/elife-37024-fig3-v1.jpg	friendly	2.0081428431240056e-07
TestingImages/friendly/elife-37295-fig3-v1.jpg	friendly	0.008638713508844376
TestingImages/friendly/elife-37516-fig1-v2.jpg	friendly	1.6736881661927328e-05
TestingImages/friendly/elife-37516-fig2-v2.jpg	friendly	0.0004570291785057634
TestingImages/friendly/elife-37623-fig5-v2.jpg	friendly	3.505924541968852e-05
TestingImages/friendly/elife-37677-fig1-v2.jpg	friendly	0.00013919896446168423
TestingImages/friendly/elife-37689-fig3-v1.jpg	friendly	8.84296514414018e-06
TestingImages/friendly/elife-37819-fig1-v1.jpg	friendly	0.17544430494308472
TestingImages/friendly/elife-37851-fig5-v1.jpg	friendly	4.470225758268498e-05
TestingImages/friendly/elife-37925-fig4-v2.jpg	friendly	0.0003055084962397814
TestingImages/friendly/elife-38052-fig3-v2.jpg	friendly	0.013923372142016888
TestingImages/friendly/elife-38183-fig8-v1.jpg	friendly	0.0002421229291940108
TestingImages/friendly/elife-38278-fig1-v1.jpg	friendly	0.0006787262391299009
TestingImages/friendly/elife-38314-fig10-v2.jpg	friendly	0.00013663226854987442
TestingImages/friendly/elife-38517-fig4-v2.jpg	friendly	0.11358146369457245
TestingImages/friendly/elife-38771-fig6-v1.jpg	friendly	0.05281267315149307
TestingImages/friendly/elife-38827-fig4-v1.jpg	friendly	0.0013737286208197474
TestingImages/friendly/elife-38880-fig1-v2.jpg	friendly	0.061304181814193726
TestingImages/friendly/elife-38888-fig4-v3.jpg	friendly	0.01301881205290556
TestingImages/friendly/elife-38935-fig1-v2.jpg	friendly	0.00020660854352172464
TestingImages/friendly/elife-39028-fig2-v2.jpg	friendly	0.001545190578326583
TestingImages/friendly/elife-39028-fig6-v2.jpg	friendly	0.00023064260312821716
TestingImages/friendly/elife-39028-fig7-v2.jpg	friendly	3.856304829241708e-05
TestingImages/friendly/elife-39065-fig2-v2.jpg	friendly	0.024646686390042305
TestingImages/friendly/elife-39140-fig4-v2.jpg	friendly	0.00019282411085441709
TestingImages/friendly/elife-39270-fig8-v1.jpg	friendly	0.00011353711306583136
TestingImages/friendly/elife-39476-fig6-v1.jpg	friendly	0.00026028743013739586
TestingImages/friendly/elife-39495-fig2-v1.jpg	friendly	0.009797069244086742
TestingImages/friendly/elife-39611-fig4-v1.jpg	friendly	5.338410846889019e-05
TestingImages/friendly/elife-39637-fig2-v2.jpg	friendly	0.010307303629815578
TestingImages/friendly/elife-39723-fig5-v2.jpg	friendly	0.004399906378239393
TestingImages/friendly/elife-39733-fig2-v2.jpg	friendly	3.6498297504294896e-06
TestingImages/friendly/elife-39907-fig3-v2.jpg	friendly	7.808809459675103e-05
TestingImages/friendly/elife-39981-fig1-v2.jpg	friendly	0.00019930073176510632
TestingImages/friendly/elife-40199-fig7-v1.jpg	friendly	0.21865412592887878
TestingImages/friendly/elife-40212-fig4-v2.jpg	friendly	0.006969620939344168
TestingImages/friendly/elife-40670-fig5-v2.jpg	friendly	0.007638472132384777
TestingImages/friendly/elife-40760-fig4-v1.jpg	friendly	3.768924580072053e-05
TestingImages/friendly/elife-40969-fig4-v2.jpg	friendly	0.00044413519208319485
TestingImages/friendly/elife-41038-fig3-v2.jpg	friendly	0.002441374585032463
TestingImages/friendly/elife-41044-fig3-v1.jpg	friendly	0.00260831112973392
TestingImages/friendly/elife-41091-fig4-v1.jpg	friendly	0.1694374978542328
TestingImages/friendly/elife-41223-fig2-v2.jpg	friendly	0.0752699226140976
TestingImages/friendly/elife-41418-fig5-v1.jpg	friendly	0.27222391963005066
TestingImages/friendly/elife-41520-fig2-v1.jpg	friendly	9.895399853121489e-05
TestingImages/friendly/elife-41770-fig5-v2.jpg	friendly	0.0007655552471987903
TestingImages/friendly/elife-41800-fig7-v2.jpg	friendly	0.43286076188087463
TestingImages/friendly/elife-41814-fig7-v1.jpg	friendly	0.0006109605892561376
TestingImages/friendly/elife-41841-fig3-v2.jpg	friendly	2.7430123736849055e-05
TestingImages/friendly/elife-41841-fig8-v2.jpg	friendly	2.558934284024872e-05
TestingImages/friendly/elife-41844-fig3-v2.jpg	friendly	0.0003467669594101608
TestingImages/friendly/elife-41855-fig3-v2.jpg	friendly	2.7956713893217966e-05
TestingImages/friendly/elife-41869-fig1-v1.jpg	friendly	0.9975137114524841
TestingImages/friendly/elife-41873-fig6-v2.jpg	friendly	2.2778503989684395e-05
TestingImages/friendly/elife-41896-fig1-v1.jpg	friendly	0.00017828184354584664
TestingImages/friendly/elife-41925-fig2-v2.jpg	friendly	0.00040825482574291527
TestingImages/friendly/elife-41968-fig6-v2.jpg	friendly	0.0024472300428897142
TestingImages/friendly/elife-42015-fig4-v2.jpg	friendly	0.0006705779815092683
TestingImages/friendly/elife-42144-fig9-v2.jpg	friendly	0.022351721301674843
TestingImages/friendly/elife-42150-fig5-v2.jpg	friendly	0.1985030323266983
TestingImages/friendly/elife-42270-fig2-v2.jpg	friendly	0.026718730106949806
TestingImages/friendly/elife-42463-fig1-v1.jpg	friendly	6.664270699729968e-07
TestingImages/friendly/elife-42628-fig2-v2.jpg	friendly	6.196404683578294e-06
TestingImages/friendly/elife-42930-fig1-v2.jpg	friendly	0.030509810894727707
TestingImages/friendly/elife-43079-fig4-v1.jpg	friendly	0.0006245646509341896
TestingImages/friendly/elife-43229-fig4-v2.jpg	friendly	4.905245077679865e-06
TestingImages/friendly/elife-43606-fig3-v2.jpg	friendly	0.0012602000497281551
TestingImages/friendly/elife-43620-fig5-v1.jpg	friendly	0.01171853393316269
TestingImages/friendly/elife-43788-fig1-v2.jpg	friendly	0.6598065495491028
TestingImages/friendly/elife-43990-fig2-v1.jpg	friendly	0.00013666535960510373
TestingImages/friendly/elife-43996-fig6-v2.jpg	friendly	0.21986253559589386
TestingImages/friendly/elife-44006-fig5-v3.jpg	friendly	0.01324885431677103
TestingImages/friendly/elife-44032-fig2-v3.jpg	friendly	7.031693530734628e-05
TestingImages/friendly/elife-44056-fig2-v1.jpg	friendly	3.678995881273295e-06
TestingImages/friendly/elife-44063-fig5-v3.jpg	friendly	0.0007991826278157532
TestingImages/friendly/elife-44071-fig7-v2.jpg	friendly	0.005875378381460905
TestingImages/friendly/elife-44111-fig1-v1.jpg	friendly	0.001071551232598722
TestingImages/friendly/elife-44111-fig6-v1.jpg	friendly	6.627196125918999e-05
TestingImages/friendly/elife-44119-fig4-v2.jpg	friendly	0.00048600355512462556
TestingImages/friendly/elife-44158-fig5-v1.jpg	friendly	0.022085225209593773
TestingImages/friendly/elife-44171-fig5-v2.jpg	friendly	0.0006616874015890062
TestingImages/friendly/elife-44187-fig2-v2.jpg	friendly	0.36105096340179443
TestingImages/friendly/elife-44210-fig6-v2.jpg	friendly	0.0007801463361829519
TestingImages/friendly/elife-44235-fig1-v2.jpg	friendly	1.8160309991799295e-05
TestingImages/friendly/elife-44252-fig1-v1.jpg	friendly	1.624427386559546e-05
TestingImages/friendly/elife-44279-fig9-v2.jpg	friendly	0.0003494762349873781
TestingImages/friendly/elife-44320-fig3-v2.jpg	friendly	0.004858602304011583
TestingImages/friendly/elife-44431-fig6-v2.jpg	friendly	8.043279376579449e-05
TestingImages/friendly/elife-44436-fig3-v1.jpg	friendly	0.009864347986876965
TestingImages/friendly/elife-44436-fig5-v1.jpg	friendly	1.7976221897697542e-06
TestingImages/friendly/elife-44649-fig7-v1.jpg	friendly	0.0001307194324908778
TestingImages/friendly/elife-45002-fig2-v2.jpg	friendly	0.00020286990911699831
TestingImages/friendly/elife-45311-fig4-v2.jpg	friendly	2.23419010580983e-05
TestingImages/friendly/elife-45342-fig8-v2.jpg	friendly	0.9999733567237854
TestingImages/friendly/elife-45403-fig4-v2.jpg	friendly	0.00020901318930555135
TestingImages/friendly/elife-45403-fig5-v2.jpg	friendly	0.00019608972070273012
TestingImages/friendly/elife-45418-fig2-v2.jpg	friendly	3.537365410011262e-05
TestingImages/friendly/elife-45909-fig4-v2.jpg	friendly	0.0003866529150400311
TestingImages/friendly/elife-46028-fig2-v2.jpg	friendly	0.0013373602414503694
TestingImages/friendly/elife-46054-fig5-v2.jpg	friendly	0.09076244384050369
TestingImages/friendly/elife-46080-fig5-v2.jpg	friendly	0.0030251117423176765
TestingImages/friendly/elife-46084-fig4-v2.jpg	friendly	0.002128762425854802
TestingImages/friendly/elife-46131-fig6-v1.jpg	friendly	1.4024079064256512e-05
TestingImages/friendly/elife-46159-fig7-v1.jpg	friendly	1.6223992133745924e-05
TestingImages/friendly/elife-46269-fig1-v2.jpg	friendly	0.00012586328375618905
TestingImages/friendly/elife-46302-fig1-v1.jpg	friendly	0.14205341041088104
TestingImages/friendly/elife-46313-fig7-v2.jpg	friendly	0.005100176203995943
TestingImages/friendly/elife-46315-fig2-v2.jpg	friendly	0.002256938721984625
TestingImages/friendly/elife-46327-fig4-v1.jpg	friendly	0.0004981081583537161
TestingImages/friendly/elife-46356-fig5-v2.jpg	friendly	0.00247503281570971
TestingImages/friendly/elife-46409-fig2-v1.jpg	friendly	0.022556819021701813
TestingImages/friendly/elife-46417-fig5-v2.jpg	friendly	1.8583798009785824e-05
TestingImages/friendly/elife-46477-fig3-v2.jpg	friendly	0.027415748685598373
TestingImages/friendly/elife-46710-fig2-v2.jpg	friendly	0.22516852617263794
TestingImages/friendly/elife-46883-fig5-v2.jpg	friendly	8.397937926929444e-05
TestingImages/friendly/elife-46986-fig7-v1.jpg	friendly	2.624407352413982e-05
TestingImages/friendly/elife-47003-fig2-v2.jpg	friendly	0.00019457571033854038
TestingImages/friendly/elife-47145-fig1-v2.jpg	friendly	0.013051404617726803
TestingImages/friendly/elife-47148-fig4-v1.jpg	friendly	0.0004595367063302547
TestingImages/friendly/elife-47155-fig3-v1.jpg	friendly	0.000384866027161479
TestingImages/friendly/elife-47156-fig9-v2.jpg	friendly	1.6687157767591998e-05
TestingImages/friendly/elife-47177-fig4-v1.jpg	friendly	2.14963392863865e-06
TestingImages/friendly/elife-47602-fig5-v2.jpg	friendly	5.020482785766944e-05
TestingImages/friendly/elife-47644-fig2-v2.jpg	friendly	3.592826487874845e-06
TestingImages/friendly/elife-47788-fig4-v1.jpg	friendly	9.334457718068734e-05
TestingImages/friendly/elife-48526-fig4-v2.jpg	friendly	1.096246614906704e-05
TestingImages/friendly/elife-48857-fig5-v2.jpg	friendly	0.09796203672885895
TestingImages/friendly/elife-49065-fig7-v2.jpg	friendly	0.9971470832824707
TestingImages/friendly/elife-49117-fig4-v2.jpg	friendly	6.75972250974155e-06
TestingImages/friendly/elife-49145-fig3-v2.jpg	friendly	8.791801519691944e-05
TestingImages/friendly/elife-49223-fig9-v2.jpg	friendly	0.00013918649347033352
TestingImages/friendly/elife-49439-fig7-v2.jpg	friendly	0.005365575198084116
TestingImages/friendly/elife-49577-fig4-v1.jpg	friendly	2.575734833953902e-05
TestingImages/friendly/elife-49662-fig5-v2.jpg	friendly	0.00034042252809740603
TestingImages/friendly/elife-49956-fig5-v2.jpg	friendly	0.00024870698689483106
TestingImages/friendly/elife-50063-fig1-v2.jpg	friendly	0.002654770854860544
TestingImages/friendly/elife-50208-fig3-v2.jpg	friendly	0.0033663965296000242
TestingImages/friendly/elife-50333-fig6-v2.jpg	friendly	5.8538375014904886e-05
TestingImages/friendly/elife-50471-fig6-v2.jpg	friendly	0.009567311964929104
TestingImages/friendly/elife-50571-fig7-v1.jpg	friendly	0.4629897177219391
TestingImages/friendly/elife-50598-fig7-v2.jpg	friendly	0.0017906638095155358
TestingImages/friendly/elife-50927-fig4-v1.jpg	friendly	0.0001552185567561537
TestingImages/friendly/elife-51162-fig1-v2.jpg	friendly	7.20651078154333e-05
TestingImages/friendly/elife-51212-fig6-v2.jpg	friendly	0.006589534226804972
TestingImages/friendly/elife-51219-fig5-v2.jpg	friendly	0.734878420829773
TestingImages/friendly/elife-51254-fig4-v2.jpg	friendly	0.00011921032273676246
TestingImages/friendly/elife-51275-fig4-v2.jpg	friendly	0.021022792905569077
TestingImages/friendly/elife-51325-fig6-v2.jpg	friendly	0.000829842989332974
TestingImages/friendly/elife-51407-fig2-v2.jpg	friendly	0.010530045256018639
TestingImages/friendly/elife-51419-fig4-v1.jpg	friendly	0.011123613454401493
TestingImages/friendly/elife-51511-fig2-v2.jpg	friendly	0.00743067916482687
TestingImages/friendly/elife-51529-fig3-v2.jpg	friendly	0.05631319433450699
TestingImages/friendly/elife-51529-fig4-v2.jpg	friendly	0.1510799080133438
TestingImages/friendly/elife-51710-fig1-v2.jpg	friendly	0.0012342182453721762
TestingImages/friendly/elife-51735-fig7-v2.jpg	friendly	0.04811835661530495
TestingImages/friendly/elife-51735-fig8-v2.jpg	friendly	0.0002978099510073662
TestingImages/friendly/elife-51773-fig5-v2.jpg	friendly	0.6881839036941528
TestingImages/friendly/elife-51977-fig8-v2.jpg	friendly	0.0215382631868124
TestingImages/friendly/elife-52058-fig1-v3.jpg	friendly	6.577657768502831e-05
TestingImages/friendly/elife-52059-fig5-v2.jpg	friendly	0.00046680690138600767
TestingImages/friendly/elife-52063-fig1-v2.jpg	friendly	5.5682143283775076e-05
TestingImages/friendly/elife-52067-fig3-v2.jpg	friendly	0.02231261320412159
TestingImages/friendly/elife-52069-fig1-v1.jpg	friendly	0.01073374506086111
TestingImages/friendly/elife-52137-fig2-v2.jpg	friendly	1.9534081729943864e-06
TestingImages/friendly/elife-52220-fig6-v1.jpg	friendly	0.9479653239250183
TestingImages/friendly/elife-52237-fig3-v1.jpg	friendly	0.0001064557654899545
TestingImages/friendly/elife-52241-fig4-v2.jpg	friendly	1.491451051549575e-08
TestingImages/friendly/elife-52355-fig1-v2.jpg	friendly	3.8005051465006545e-05
TestingImages/friendly/elife-52511-fig1-v2.jpg	friendly	0.3792557120323181
TestingImages/friendly/elife-52511-fig5-v2.jpg	friendly	0.00054983701556921
TestingImages/friendly/elife-52539-fig6-v2.jpg	friendly	0.0058775851503014565
TestingImages/friendly/elife-52555-fig2-v3.jpg	friendly	4.406764446684974e-07
TestingImages/friendly/elife-52649-fig2-v2.jpg	friendly	0.003605731762945652
TestingImages/friendly/elife-52696-fig3-v2.jpg	friendly	0.011239790357649326
TestingImages/friendly/elife-52707-fig7-v2.jpg	friendly	0.013619944453239441
TestingImages/friendly/elife-52716-fig6-v1.jpg	friendly	3.148539690300822e-05
TestingImages/friendly/elife-52981-fig1-v1.jpg	friendly	0.01813063584268093
TestingImages/friendly/elife-52986-fig4-v1.jpg	friendly	0.08738619834184647
TestingImages/friendly/elife-53227-fig8-v2.jpg	friendly	0.9746457934379578
TestingImages/friendly/elife-53232-fig3-v2.jpg	friendly	0.062434904277324677
TestingImages/friendly/elife-53308-fig6-v3.jpg	friendly	0.00245553907006979
TestingImages/friendly/elife-53404-fig4-v3.jpg	friendly	1.2007701116090175e-05
TestingImages/friendly/elife-53476-fig2-v1.jpg	friendly	0.0009785634465515614
TestingImages/friendly/elife-53531-fig3-v2.jpg	friendly	0.002665010979399085
TestingImages/friendly/elife-53659-fig3-v2.jpg	friendly	0.0006085394416004419
TestingImages/friendly/elife-53761-fig3-v1.jpg	friendly	3.770686453208327e-05
TestingImages/friendly/elife-53798-fig4-v1.jpg	friendly	3.5402904359216336e-06
TestingImages/friendly/elife-53885-fig1-v2.jpg	friendly	0.011376062408089638
TestingImages/friendly/elife-54148-fig1-v1.jpg	friendly	0.002659645164385438
TestingImages/friendly/elife-54160-fig5-v1.jpg	friendly	0.00021772785112261772
TestingImages/friendly/elife-54346-fig9-v2.jpg	friendly	0.899007260799408
TestingImages/friendly/elife-54462-fig6-v1.jpg	friendly	0.0005416576168499887
TestingImages/friendly/elife-54506-fig3-v1.jpg	friendly	0.0009435549727641046
TestingImages/friendly/elife-54519-fig1-v2.jpg	friendly	7.227998139569536e-05
TestingImages/friendly/elife-54519-fig4-v2.jpg	friendly	2.0086834410903975e-05
TestingImages/friendly/elife-54747-fig4-v2.jpg	friendly	0.0002637130965013057
TestingImages/friendly/elife-54932-fig2-v1.jpg	friendly	0.0502859391272068
TestingImages/friendly/elife-54935-fig5-v1.jpg	friendly	0.0029621629510074854
TestingImages/friendly/elife-54993-fig4-v2.jpg	friendly	0.05968841165304184
TestingImages/friendly/elife-55015-fig3-v2.jpg	friendly	0.0008705594809725881
TestingImages/friendly/elife-55308-fig6-v2.jpg	friendly	0.00010503851808607578
TestingImages/friendly/elife-55374-fig6-v2.jpg	friendly	0.2490263283252716
TestingImages/friendly/elife-55378-fig5-v1.jpg	friendly	0.000865984708070755
TestingImages/friendly/elife-55470-fig10-v2.jpg	friendly	0.09964267909526825
TestingImages/friendly/elife-55619-fig5-v1.jpg	friendly	0.0005079545662738383
TestingImages/friendly/elife-55797-fig2-v1.jpg	friendly	1.5691410908402759e-06
TestingImages/friendly/elife-55853-fig5-v2.jpg	friendly	0.006455410737544298
TestingImages/friendly/elife-55865-fig3-v2.jpg	friendly	3.5443106298771454e-06
TestingImages/friendly/elife-55966-fig2-v2.jpg	friendly	0.0013456143205985427
TestingImages/friendly/elife-55995-fig1-v2.jpg	friendly	0.2977677881717682
TestingImages/friendly/elife-56086-fig5-v2.jpg	friendly	0.07921680063009262
TestingImages/friendly/elife-56189-fig2-v2.jpg	friendly	0.7437859177589417
TestingImages/friendly/elife-56418-fig9-v2.jpg	friendly	0.00085065932944417
TestingImages/friendly/elife-56450-fig9-v2.jpg	friendly	6.925815250724554e-05
TestingImages/friendly/elife-56523-fig6-v2.jpg	friendly	0.006681100465357304
TestingImages/friendly/elife-56582-fig2-v2.jpg	friendly	0.019318047910928726
TestingImages/friendly/elife-56615-fig6-v1.jpg	friendly	0.0013125475961714983
TestingImages/friendly/elife-56817-fig9-v3.jpg	friendly	0.0013163138646632433
TestingImages/friendly/elife-56879-fig4-v2.jpg	friendly	0.0017821742221713066
TestingImages/friendly/elife-56882-fig1-v2.jpg	friendly	2.5862942493404262e-05
TestingImages/friendly/elife-56894-fig5-v2.jpg	friendly	0.00017987476894631982
TestingImages/friendly/elife-56972-fig2-v2.jpg	friendly	3.764534994843416e-05
TestingImages/friendly/elife-57008-fig1-v2.jpg	friendly	2.2965779862715863e-05
TestingImages/friendly/elife-57017-fig4-v1.jpg	friendly	0.0030888139735907316
TestingImages/friendly/elife-57154-fig9-v2.jpg	friendly	0.008704395033419132
TestingImages/friendly/elife-57183-fig5-v2.jpg	friendly	0.008787711150944233
TestingImages/friendly/elife-57212-fig3-v3.jpg	friendly	0.6888433694839478
TestingImages/friendly/elife-57245-fig1-v3.jpg	friendly	0.00031863682670518756
TestingImages/friendly/elife-57288-fig8-v2.jpg	friendly	1.369339656775992e-06
TestingImages/friendly/elife-57462-fig8-v2.jpg	friendly	0.009102413430809975
TestingImages/friendly/elife-57671-fig7-v2.jpg	friendly	9.851075446931645e-05
TestingImages/friendly/elife-57679-fig2-v2.jpg	friendly	1.703946509223897e-05
TestingImages/friendly/elife-57680-fig6-v1.jpg	friendly	2.7559376576391514e-06
TestingImages/friendly/elife-57790-fig2-v1.jpg	friendly	2.905830172039714e-07
TestingImages/friendly/elife-57947-fig3-v2.jpg	friendly	0.0003431315126363188
TestingImages/friendly/elife-57974-fig4-v2.jpg	friendly	1.4006276614964008e-05
TestingImages/friendly/elife-58142-fig2-v1.jpg	friendly	0.00021650253620464355
TestingImages/friendly/elife-58397-fig4-v2.jpg	friendly	8.606177289038897e-05
TestingImages/friendly/elife-58417-fig2-v2.jpg	friendly	0.00010904196824412793
TestingImages/friendly/elife-58509-fig2-v2.jpg	friendly	0.0003282339312136173
TestingImages/friendly/elife-58509-fig5-v2.jpg	friendly	0.006559378933161497
TestingImages/friendly/elife-58509-fig7-v2.jpg	friendly	0.0005400527152232826
TestingImages/friendly/elife-58542-fig2-v1.jpg	friendly	0.0006810292834416032
TestingImages/friendly/elife-58556-fig3-v2.jpg	friendly	2.499274614820024e-06
TestingImages/friendly/elife-58593-fig6-v2.jpg	friendly	2.04170082724886e-05
TestingImages/friendly/elife-58596-fig2-v1.jpg	friendly	5.8032248489325866e-05
TestingImages/friendly/elife-58635-fig6-v1.jpg	friendly	8.794393215794116e-05
TestingImages/friendly/elife-58705-fig4-v1.jpg	friendly	7.998657383723184e-05
TestingImages/friendly/elife-58749-fig2-v2.jpg	friendly	0.010356557555496693
TestingImages/friendly/elife-58768-fig1-v2.jpg	friendly	0.0006918407743796706
TestingImages/friendly/elife-58775-fig9-v1.jpg	friendly	0.02831749990582466
TestingImages/friendly/elife-58903-fig3-v2.jpg	friendly	0.00409358087927103
TestingImages/friendly/elife-59151-fig4-v2.jpg	friendly	1.5878549675107934e-05
TestingImages/friendly/elife-59157-fig8-v2.jpg	friendly	1.1041576044590329e-06
TestingImages/friendly/elife-59190-fig1-v2.jpg	friendly	0.09578333050012589
TestingImages/friendly/elife-59291-fig3-v2.jpg	friendly	0.002169332467019558
TestingImages/friendly/elife-59333-fig4-v2.jpg	friendly	0.000526679097674787
TestingImages/friendly/elife-59502-fig1-v3.jpg	friendly	0.0012227398110553622
TestingImages/friendly/elife-59502-fig4-v3.jpg	friendly	0.0006066773785278201
TestingImages/friendly/elife-59612-fig5-v2.jpg	friendly	0.022220632061362267
TestingImages/friendly/elife-59613-fig2-v2.jpg	friendly	0.08077055215835571
TestingImages/friendly/elife-59629-fig4-v2.jpg	friendly	0.04825235530734062
TestingImages/friendly/elife-59811-fig2-v1.jpg	friendly	3.9406745599990245e-06
TestingImages/friendly/elife-59816-fig2-v1.jpg	friendly	0.004856011364609003
TestingImages/friendly/elife-60005-fig2-v1.jpg	friendly	0.9985848665237427
TestingImages/friendly/elife-60388-fig7-v2.jpg	friendly	0.0022136864718049765
TestingImages/friendly/elife-60474-fig5-v2.jpg	friendly	0.0013190906029194593
TestingImages/friendly/elife-60481-fig6-v2.jpg	friendly	3.0043731385376304e-05
TestingImages/friendly/elife-60533-fig7-v2.jpg	friendly	7.704157178523019e-05
TestingImages/friendly/elife-60577-fig6-v2.jpg	friendly	0.00010092493175761774
TestingImages/friendly/elife-60595-fig6-v1.jpg	friendly	1.1177851888533041e-07
TestingImages/friendly/elife-60635-fig1-v1.jpg	friendly	5.31233979472745e-07
TestingImages/friendly/elife-60724-fig1-v2.jpg	friendly	4.021742643089965e-05
TestingImages/friendly/elife-60933-fig5-v1.jpg	friendly	0.0002468962629791349
TestingImages/friendly/elife-61018-fig4-v2.jpg	friendly	2.030134282904328e-06
TestingImages/friendly/elife-61077-fig1-v2.jpg	friendly	0.0033908835612237453
TestingImages/friendly/elife-61103-fig2-v1.jpg	friendly	6.459836731664836e-05
TestingImages/friendly/elife-61142-fig1-v2.jpg	friendly	0.06610769033432007
TestingImages/friendly/elife-61171-fig5-v2.jpg	friendly	0.27825820446014404
TestingImages/friendly/elife-61317-fig5-v2.jpg	friendly	2.5358705897815526e-05
TestingImages/friendly/elife-61595-fig6-v4.jpg	friendly	0.0032421890646219254
TestingImages/friendly/elife-61722-fig5-v1.jpg	friendly	4.930412274006812e-07
TestingImages/friendly/elife-61773-fig4-v1.jpg	friendly	0.03786564618349075
TestingImages/friendly/elife-61920-fig7-v2.jpg	friendly	4.3671607272699475e-05
TestingImages/friendly/elife-61921-fig2-v2.jpg	friendly	0.008280650712549686
TestingImages/friendly/elife-61973-fig1-v1.jpg	friendly	5.2939307352062315e-05
TestingImages/friendly/elife-61991-fig3-v1.jpg	friendly	0.01312634814530611
TestingImages/friendly/elife-62039-fig3-v2.jpg	friendly	1.9641378457890823e-05
TestingImages/friendly/elife-62039-fig5-v2.jpg	friendly	8.165762892531347e-07
TestingImages/friendly/elife-62067-fig5-v2.jpg	friendly	0.1150994673371315
TestingImages/friendly/elife-62122-fig6-v1.jpg	friendly	0.0006904473411850631
TestingImages/friendly/elife-62123-fig4-v2.jpg	friendly	0.0004201713018119335
TestingImages/friendly/elife-62183-fig1-v2.jpg	friendly	0.02314780466258526
TestingImages/friendly/elife-62203-fig2-v2.jpg	friendly	1.5225529750750866e-05
TestingImages/friendly/elife-62474-fig3-v2.jpg	friendly	0.03287559002637863
TestingImages/friendly/elife-62514-fig3-v2.jpg	friendly	2.8628858217416564e-06
TestingImages/friendly/elife-62587-fig1-v2.jpg	friendly	0.00025307529722340405
TestingImages/friendly/elife-62588-fig4-v2.jpg	friendly	0.00015628934488631785
TestingImages/friendly/elife-62611-fig10-v2.jpg	friendly	2.4293938622577116e-05
TestingImages/friendly/elife-62614-fig3-v2.jpg	friendly	0.5755301117897034
TestingImages/friendly/elife-62635-fig3-v2.jpg	friendly	0.023084819316864014
TestingImages/friendly/elife-62865-fig4-v2.jpg	friendly	2.3605725800734945e-06
TestingImages/friendly/elife-62907-fig5-v2.jpg	friendly	0.04752857983112335
TestingImages/friendly/elife-63040-fig4-v2.jpg	friendly	9.281406164518557e-06
TestingImages/friendly/elife-63166-fig5-v1.jpg	friendly	0.00027040051645599306
TestingImages/friendly/elife-63170-fig1-v2.jpg	friendly	0.0012696305057033896
TestingImages/friendly/elife-63225-fig7-v2.jpg	friendly	0.020389843732118607
TestingImages/friendly/elife-63262-fig10-v1.jpg	friendly	0.0003785007866099477
TestingImages/friendly/elife-63355-fig6-v2.jpg	friendly	9.421254071639851e-05
TestingImages/friendly/elife-63476-fig2-v2.jpg	friendly	0.08162733912467957
TestingImages/friendly/elife-63488-fig8-v2.jpg	friendly	0.002245136769488454
TestingImages/friendly/elife-63512-fig2-v2.jpg	friendly	0.00013086397666484118
TestingImages/friendly/elife-63524-fig1-v2.jpg	friendly	6.226722689461894e-06
TestingImages/friendly/elife-63596-fig3-v1.jpg	friendly	0.19224236905574799
TestingImages/friendly/elife-63756-fig9-v1.jpg	friendly	0.08988942950963974
TestingImages/friendly/elife-64107-fig2-v2.jpg	friendly	0.0018297361675649881
TestingImages/friendly/elife-64108-fig4-v1.jpg	friendly	0.0004957282217219472
TestingImages/friendly/elife-64206-fig5-v2.jpg	friendly	0.011347096413373947
TestingImages/friendly/elife-64320-fig3-v2.jpg	friendly	0.007878286764025688
TestingImages/friendly/elife-64456-fig5-v1.jpg	friendly	0.0942089855670929
TestingImages/friendly/elife-64507-fig2-v2.jpg	friendly	0.0028803455643355846
TestingImages/friendly/elife-64513-fig1-v1.jpg	friendly	0.008618015795946121
TestingImages/friendly/elife-64569-fig4-v1.jpg	friendly	0.17440763115882874
TestingImages/friendly/elife-64588-fig6-v2.jpg	friendly	0.0025313461665064096
TestingImages/friendly/elife-64592-fig1-v2.jpg	friendly	3.0916933155822335e-06
TestingImages/friendly/elife-64644-fig4-v2.jpg	friendly	1.695090759312734e-05
TestingImages/friendly/elife-64694-fig4-v2.jpg	friendly	0.00023201844305731356
TestingImages/friendly/elife-64806-fig1-v2.jpg	friendly	0.002109150867909193
TestingImages/friendly/elife-64827-fig3-v2.jpg	friendly	0.003488091751933098
TestingImages/friendly/elife-64830-fig2-v2.jpg	friendly	0.001011970336548984
TestingImages/friendly/elife-64944-fig6-v2.jpg	friendly	0.0006815038505010307
TestingImages/friendly/elife-65202-fig5-v1.jpg	friendly	0.0007890298729762435
TestingImages/friendly/elife-65412-fig8-v2.jpg	friendly	0.0018240007339045405
TestingImages/friendly/elife-65415-fig5-v1.jpg	friendly	0.0955217033624649
TestingImages/friendly/elife-65498-fig3-v1.jpg	friendly	0.0016622182447463274
TestingImages/friendly/elife-65786-fig5-v2.jpg	friendly	1.134720378104248e-06
TestingImages/friendly/elife-65910-fig2-v2.jpg	friendly	0.5713596343994141
TestingImages/friendly/elife-66011-fig6-v1.jpg	friendly	0.014052774757146835
TestingImages/friendly/elife-66057-fig3-v1.jpg	friendly	6.884436152176932e-05
TestingImages/friendly/elife-66080-fig6-v1.jpg	friendly	0.9884145855903625
TestingImages/friendly/elife-66109-fig5-v2.jpg	friendly	0.0016395383281633258
TestingImages/friendly/elife-66151-fig8-v1.jpg	friendly	9.215597674483433e-05
TestingImages/friendly/elife-66320-fig2-v2.jpg	friendly	0.0003103121416643262
TestingImages/friendly/elife-66358-fig4-v2.jpg	friendly	6.6499735112302e-05
TestingImages/friendly/elife-66446-fig1-v1.jpg	friendly	0.06464608013629913
TestingImages/friendly/elife-66448-fig3-v2.jpg	friendly	0.0011019790545105934
TestingImages/friendly/elife-66454-fig3-v1.jpg	friendly	0.0023150823544710875
TestingImages/friendly/elife-66687-fig6-v2.jpg	friendly	0.04274624586105347
TestingImages/friendly/elife-66788-fig4-v2.jpg	friendly	0.00463972520083189
TestingImages/friendly/elife-66808-fig5-v2.jpg	friendly	0.00032439379720017314
TestingImages/friendly/elife-67024-fig1-v2.jpg	friendly	0.00013467416283674538
TestingImages/friendly/elife-67259-fig3-v1.jpg	friendly	0.996192991733551
TestingImages/friendly/elife-67283-fig2-v2.jpg	friendly	0.4298059940338135
TestingImages/friendly/elife-67303-fig3-v2.jpg	friendly	4.879555490333587e-06
TestingImages/friendly/elife-67447-fig7-v2.jpg	friendly	0.00027779382071457803
TestingImages/friendly/elife-67478-fig1-v2.jpg	friendly	0.007629394065588713
TestingImages/friendly/elife-67495-fig1-v2.jpg	friendly	0.2588874399662018
TestingImages/friendly/elife-67530-fig3-v1.jpg	friendly	0.12495864182710648
TestingImages/friendly/elife-67781-fig7-v2.jpg	friendly	0.00027905788738280535
TestingImages/friendly/elife-67828-fig7-v2.jpg	friendly	0.001018723240122199
TestingImages/friendly/elife-68066-fig9-v1.jpg	friendly	2.483851494616829e-05
TestingImages/friendly/elife-68128-fig4-v2.jpg	friendly	0.0001271439832635224
TestingImages/friendly/elife-68135-fig4-v2.jpg	friendly	0.008792414329946041
TestingImages/friendly/elife-68285-fig3-v2.jpg	friendly	0.00011030025780200958
TestingImages/friendly/elife-68312-fig10-v2.jpg	friendly	0.03374660387635231
TestingImages/friendly/elife-68312-fig5-v2.jpg	friendly	0.02917240560054779
TestingImages/friendly/elife-68380-fig6-v2.jpg	friendly	0.9334408044815063
TestingImages/friendly/elife-68548-fig2-v4.jpg	friendly	0.0021824028808623552
TestingImages/friendly/elife-68578-fig2-v2.jpg	friendly	4.565768563224992e-07
TestingImages/friendly/elife-68590-fig3-v1.jpg	friendly	1.8524911865824834e-05
TestingImages/friendly/elife-68590-fig5-v1.jpg	friendly	0.2741134762763977
TestingImages/friendly/elife-68642-fig3-v1.jpg	friendly	0.00018040792201645672
TestingImages/friendly/elife-68678-fig4-v2.jpg	friendly	0.00047484092647209764
TestingImages/friendly/elife-68943-fig5-v2.jpg	friendly	0.0003440954315010458
TestingImages/friendly/elife-69019-fig2-v2.jpg	friendly	0.0016646016156300902
TestingImages/friendly/elife-69032-fig1-v1.jpg	friendly	4.639376527393324e-07
TestingImages/friendly/elife-69249-fig7-v1.jpg	friendly	0.0175603237003088
TestingImages/friendly/elife-69395-fig3-v1.jpg	friendly	0.8934677243232727
TestingImages/friendly/elife-69431-fig4-v2.jpg	friendly	0.00030259756022132933
TestingImages/friendly/elife-69454-fig1-v2.jpg	friendly	0.00013842266343999654
TestingImages/friendly/elife-69713-fig1-v2.jpg	friendly	5.240461632638471e-06
TestingImages/friendly/elife-69729-fig3-v1.jpg	friendly	0.00021341575484257191
TestingImages/friendly/elife-69765-fig4-v2.jpg	friendly	0.0025745437014847994
TestingImages/friendly/elife-69881-fig7-v2.jpg	friendly	2.727021637838334e-06
TestingImages/friendly/elife-69896-fig11-v2.jpg	friendly	1.8213651031828704e-08
TestingImages/friendly/elife-69951-fig1-v1.jpg	friendly	0.06056516617536545
TestingImages/friendly/elife-69977-fig2-v1.jpg	friendly	7.282711158040911e-05
TestingImages/friendly/elife-70188-fig1-v3.jpg	friendly	0.00028986885445192456
TestingImages/friendly/elife-70188-fig5-v3.jpg	friendly	0.00011817608174169436
TestingImages/friendly/elife-70349-fig1-v3.jpg	friendly	9.627448889659718e-05
TestingImages/friendly/elife-70372-fig7-v2.jpg	friendly	0.254299521446228
TestingImages/friendly/elife-70393-fig6-v1.jpg	friendly	8.32721998449415e-05
TestingImages/friendly/elife-70520-fig2-v2.jpg	friendly	6.622464570682496e-05
TestingImages/friendly/elife-70586-fig6-v2.jpg	friendly	0.00044519358198158443
TestingImages/friendly/elife-70601-fig4-v1.jpg	friendly	0.00393138499930501
TestingImages/friendly/elife-70611-fig6-v2.jpg	friendly	4.578289735945873e-05
TestingImages/friendly/elife-70619-fig7-v2.jpg	friendly	5.723511640098877e-05
TestingImages/friendly/elife-70672-fig1-v2.jpg	friendly	0.00017050837050192058
TestingImages/friendly/elife-70936-fig2-v1.jpg	friendly	0.011900457553565502
TestingImages/friendly/elife-71142-fig1-v1.jpg	friendly	6.5424909934108655e-09
TestingImages/friendly/elife-71171-fig3-v2.jpg	friendly	0.0005619285511784256
TestingImages/friendly/elife-71256-fig4-v1.jpg	friendly	9.619595402909908e-06
TestingImages/friendly/elife-71256-fig5-v1.jpg	friendly	0.04881350323557854
TestingImages/friendly/elife-71351-fig1-v2.jpg	friendly	0.0007736514089629054
TestingImages/friendly/elife-71384-fig2-v4.jpg	friendly	3.486752029857598e-05
TestingImages/friendly/elife-71393-fig4-v2.jpg	friendly	0.07726309448480606
TestingImages/friendly/elife-71601-fig4-v1.jpg	friendly	0.0006549808895215392
TestingImages/friendly/elife-71634-fig4-v2.jpg	friendly	0.002985019236803055
TestingImages/friendly/elife-71736-fig4-v1.jpg	friendly	1.853933099482674e-05
TestingImages/friendly/elife-71747-fig6-v2.jpg	friendly	2.3320355467149056e-05
TestingImages/friendly/elife-72056-fig2-v2.jpg	friendly	0.0008264528587460518
TestingImages/friendly/elife-72266-fig4-v2.jpg	friendly	0.0016256720991805196
TestingImages/friendly/elife-72266-fig5-v2.jpg	friendly	0.02182176522910595
TestingImages/friendly/elife-72290-fig5-v2.jpg	friendly	2.6656887712306343e-05
TestingImages/friendly/elife-72484-fig3-v2.jpg	friendly	0.0001736646518111229
TestingImages/friendly/elife-72593-fig1-v2.jpg	friendly	0.00015329555026255548
TestingImages/friendly/elife-72593-fig5-v2.jpg	friendly	7.350275700446218e-05
TestingImages/friendly/elife-72595-fig6-v1.jpg	friendly	0.507018506526947
TestingImages/friendly/elife-72632-fig4-v4.jpg	friendly	0.021916866302490234
TestingImages/friendly/elife-72865-fig9-v2.jpg	friendly	0.01943686604499817
TestingImages/friendly/elife-72989-fig5-v2.jpg	friendly	0.00014982782886363566
TestingImages/friendly/elife-73099-fig15-v2.jpg	friendly	0.026631653308868408
TestingImages/friendly/elife-73218-fig3-v2.jpg	friendly	0.00040590664139017463
TestingImages/friendly/elife-73220-fig3-v2.jpg	friendly	7.104449650796596e-06
TestingImages/friendly/elife-73330-fig7-v2.jpg	friendly	1.0853341336769518e-06
TestingImages/friendly/elife-73522-fig1-v2.jpg	friendly	3.6745777833857574e-06
TestingImages/friendly/elife-73603-fig4-v2.jpg	friendly	0.001282293233089149
TestingImages/friendly/elife-73679-fig6-v2.jpg	friendly	6.8014589487575e-05
TestingImages/friendly/elife-73980-fig6-v2.jpg	friendly	2.4854816729202867e-05
TestingImages/friendly/elife-74094-fig2-v2.jpg	friendly	0.0034093763679265976
TestingImages/friendly/elife-74153-fig6-v1.jpg	friendly	0.02854267880320549
TestingImages/friendly/elife-74234-fig2-v2.jpg	friendly	0.00030256755417212844
TestingImages/friendly/elife-74277-fig1-v2.jpg	friendly	4.79591908515431e-05
TestingImages/friendly/elife-74293-fig5-v1.jpg	friendly	1.4230042324925307e-05
TestingImages/friendly/elife-74365-fig8-v1.jpg	friendly	0.6201273798942566
TestingImages/friendly/elife-74509-fig3-v1.jpg	friendly	0.026330186054110527
TestingImages/friendly/elife-74561-fig4-v1.jpg	friendly	0.7150517702102661
TestingImages/friendly/elife-74714-fig3-v3.jpg	friendly	7.43833152228035e-05
TestingImages/friendly/elife-75219-fig3-v3.jpg	friendly	8.645132766105235e-05
TestingImages/friendly/elife-75233-fig5-v1.jpg	friendly	0.029137251898646355
TestingImages/friendly/elife-75354-fig1-v1.jpg	friendly	0.27953994274139404
TestingImages/friendly/elife-75389-fig3-v3.jpg	friendly	0.008910803124308586
TestingImages/friendly/elife-75468-fig5-v2.jpg	friendly	0.0006178654730319977
TestingImages/friendly/elife-75540-fig2-v2.jpg	friendly	1.4620211914007086e-05
TestingImages/friendly/elife-75690-fig1-v2.jpg	friendly	0.0007592164329253137
TestingImages/friendly/elife-75970-fig6-v2.jpg	friendly	8.773912850301713e-05
TestingImages/friendly/elife-76101-fig3-v2.jpg	friendly	0.004557589069008827
TestingImages/unfriendly/elife-00336-fig5-v1.jpg	unfriendly	0.9958699345588684
TestingImages/unfriendly/elife-00380-fig3-v1.jpg	unfriendly	0.9999694228172302
TestingImages/unfriendly/elife-00940-fig5-v1.jpg	unfriendly	0.9976000785827637
TestingImages/unfriendly/elife-01808-fig9-v1.jpg	unfriendly	0.9158949255943298
TestingImages/unfriendly/elife-01846-fig4-v1.jpg	unfriendly	0.9997798204421997
TestingImages/unfriendly/elife-02948-fig2-v2.jpg	unfriendly	0.612680971622467
TestingImages/unfriendly/elife-03198-fig2-v2.jpg	unfriendly	0.4247499108314514
TestingImages/unfriendly/elife-03383-fig5-v3.jpg	unfriendly	0.5313776135444641
TestingImages/unfriendly/elife-03399-fig3-v2.jpg	unfriendly	0.9999940991401672
TestingImages/unfriendly/elife-03583-fig2-v3.jpg	unfriendly	0.948898196220398
TestingImages/unfriendly/elife-04000-fig4-v1.jpg	unfriendly	0.9988292455673218
TestingImages/unfriendly/elife-04801-fig5-v1.jpg	unfriendly	0.0918051153421402
TestingImages/unfriendly/elife-05361-fig4-v2.jpg	unfriendly	0.9999998807907104
TestingImages/unfriendly/elife-05438-fig1-v1.jpg	unfriendly	0.9999977350234985
TestingImages/unfriendly/elife-05745-fig2-v1.jpg	unfriendly	0.9968970417976379
TestingImages/unfriendly/elife-06029-fig9-v2.jpg	unfriendly	0.9999988079071045
TestingImages/unfriendly/elife-06166-fig2-v2.jpg	unfriendly	0.12262877076864243
TestingImages/unfriendly/elife-06462-fig1-v2.jpg	unfriendly	0.999871551990509
TestingImages/unfriendly/elife-06467-fig6-v3.jpg	unfriendly	1.0
TestingImages/unfriendly/elife-07777-fig1-v2.jpg	unfriendly	0.9935027956962585
TestingImages/unfriendly/elife-07897-fig6-v1.jpg	unfriendly	0.2800920009613037
TestingImages/unfriendly/elife-08174-fig3-v1.jpg	unfriendly	0.9987673759460449
TestingImages/unfriendly/elife-08287-fig8-v2.jpg	unfriendly	0.9613235592842102
TestingImages/unfriendly/elife-08817-fig7-v2.jpg	unfriendly	1.0
TestingImages/unfriendly/elife-09946-fig1-v2.jpg	unfriendly	0.9833809733390808
TestingImages/unfriendly/elife-10870-fig2-v2.jpg	unfriendly	0.9999651908874512
TestingImages/unfriendly/elife-10989-fig8-v2.jpg	unfriendly	0.009227355942130089
TestingImages/unfriendly/elife-11305-fig1-v1.jpg	unfriendly	0.037054091691970825
TestingImages/unfriendly/elife-11479-fig3-v2.jpg	unfriendly	0.9877358078956604
TestingImages/unfriendly/elife-12151-fig4-v2.jpg	unfriendly	0.9989643692970276
TestingImages/unfriendly/elife-12717-fig5-v2.jpg	unfriendly	0.9997174739837646
TestingImages/unfriendly/elife-12748-fig3-v2.jpg	unfriendly	0.8932936787605286
TestingImages/unfriendly/elife-13343-fig7-v3.jpg	unfriendly	0.999983012676239
TestingImages/unfriendly/elife-13571-fig9-v3.jpg	unfriendly	0.9995077848434448
TestingImages/unfriendly/elife-13764-fig8-v1.jpg	unfriendly	0.9840399622917175
TestingImages/unfriendly/elife-13834-fig3-v2.jpg	unfriendly	0.9991317391395569
TestingImages/unfriendly/elife-13943-fig1-v3.jpg	unfriendly	0.9946489334106445
TestingImages/unfriendly/elife-14203-fig1-v1.jpg	unfriendly	0.950628399848938
TestingImages/unfriendly/elife-15251-fig9-v3.jpg	unfriendly	0.8816381692886353
TestingImages/unfriendly/elife-17047-fig1-v1.jpg	unfriendly	0.0004157600342296064
TestingImages/unfriendly/elife-17171-fig5-v1.jpg	unfriendly	0.9890371561050415
TestingImages/unfriendly/elife-17200-fig4-v2.jpg	unfriendly	0.16098174452781677
TestingImages/unfriendly/elife-17589-fig7-v2.jpg	unfriendly	0.949245035648346
TestingImages/unfriendly/elife-17681-fig6-v3.jpg	unfriendly	0.9980573058128357
TestingImages/unfriendly/elife-17985-fig4-v1.jpg	unfriendly	0.9633415341377258
TestingImages/unfriendly/elife-18129-fig1-v1.jpg	unfriendly	0.0018164400244131684
TestingImages/unfriendly/elife-18134-fig6-v2.jpg	unfriendly	0.39799922704696655
TestingImages/unfriendly/elife-18605-fig10-v1.jpg	unfriendly	0.5593951344490051
TestingImages/unfriendly/elife-19264-fig5-v1.jpg	unfriendly	0.9999938011169434
TestingImages/unfriendly/elife-21032-fig2-v2.jpg	unfriendly	0.9976567625999451
TestingImages/unfriendly/elife-21130-fig2-v1.jpg	unfriendly	0.0012104143388569355
TestingImages/unfriendly/elife-22441-fig2-v1.jpg	unfriendly	0.9338397979736328
TestingImages/unfriendly/elife-22540-fig4-v1.jpg	unfriendly	0.22022590041160583
TestingImages/unfriendly/elife-22914-fig2-v1.jpg	unfriendly	0.5547555685043335
TestingImages/unfriendly/elife-23759-fig1-v2.jpg	unfriendly	0.989273190498352
TestingImages/unfriendly/elife-24265-fig3-v3.jpg	unfriendly	0.1540030986070633
TestingImages/unfriendly/elife-25014-fig2-v1.jpg	unfriendly	0.44884416460990906
TestingImages/unfriendly/elife-25366-fig1-v3.jpg	unfriendly	0.9999918341636658
TestingImages/unfriendly/elife-26362-fig4-v2.jpg	unfriendly	0.9978201985359192
TestingImages/unfriendly/elife-26845-fig3-v2.jpg	unfriendly	0.009401658549904823
TestingImages/unfriendly/elife-27134-fig7-v1.jpg	unfriendly	0.08180157840251923
TestingImages/unfriendly/elife-27293-fig1-v1.jpg	unfriendly	0.9992754459381104
TestingImages/unfriendly/elife-27402-fig6-v2.jpg	unfriendly	0.9667868614196777
TestingImages/unfriendly/elife-27402-fig9-v2.jpg	unfriendly	0.523788332939148
TestingImages/unfriendly/elife-27421-fig7-v3.jpg	unfriendly	0.06907578557729721
TestingImages/unfriendly/elife-28131-fig2-v2.jpg	unfriendly	0.9999939203262329
TestingImages/unfriendly/elife-28342-fig1-v2.jpg	unfriendly	0.00040130503475666046
TestingImages/unfriendly/elife-29338-fig5-v1.jpg	unfriendly	0.9892122149467468
TestingImages/unfriendly/elife-30657-fig6-v2.jpg	unfriendly	0.9994646310806274
TestingImages/unfriendly/elife-30668-fig9-v2.jpg	unfriendly	1.0
TestingImages/unfriendly/elife-31326-fig4-v1.jpg	unfriendly	1.0
TestingImages/unfriendly/elife-31684-fig1-v2.jpg	unfriendly	0.765569806098938
TestingImages/unfriendly/elife-32481-fig4-v2.jpg	unfriendly	0.008052662946283817
TestingImages/unfriendly/elife-32579-fig5-v2.jpg	unfriendly	0.9727327823638916
TestingImages/unfriendly/elife-32943-fig2-v1.jpg	unfriendly	0.9177173376083374
TestingImages/unfriendly/elife-33333-fig3-v2.jpg	unfriendly	0.011758888140320778
TestingImages/unfriendly/elife-34423-fig4-v1.jpg	unfriendly	0.008884916082024574
TestingImages/unfriendly/elife-35330-fig1-v2.jpg	unfriendly	0.9995812773704529
TestingImages/unfriendly/elife-36131-fig4-v2.jpg	unfriendly	0.9999998211860657
TestingImages/unfriendly/elife-36919-fig3-v2.jpg	unfriendly	1.0
TestingImages/unfriendly/elife-37503-fig2-v2.jpg	unfriendly	0.9999639391899109
TestingImages/unfriendly/elife-38497-fig6-v2.jpg	unfriendly	0.9585737586021423
TestingImages/unfriendly/elife-39016-fig7-v2.jpg	unfriendly	0.9984349608421326
TestingImages/unfriendly/elife-40947-fig4-v2.jpg	unfriendly	0.053177837282419205
TestingImages/unfriendly/elife-41301-fig4-v2.jpg	unfriendly	0.9999961853027344
TestingImages/unfriendly/elife-41418-fig2-v1.jpg	unfriendly	0.9868032336235046
TestingImages/unfriendly/elife-42988-fig7-v2.jpg	unfriendly	0.9497477412223816
TestingImages/unfriendly/elife-44353-fig5-v2.jpg	unfriendly	0.9998852014541626
TestingImages/unfriendly/elife-45114-fig5-v1.jpg	unfriendly	0.1283840388059616
TestingImages/unfriendly/elife-46756-fig9-v1.jpg	unfriendly	0.9867760539054871
TestingImages/unfriendly/elife-47246-fig3-v2.jpg	unfriendly	0.9660031199455261
TestingImages/unfriendly/elife-47611-fig5-v2.jpg	unfriendly	0.00011872071627294645
TestingImages/unfriendly/elife-47613-fig5-v1.jpg	unfriendly	0.0014535145601257682
TestingImages/unfriendly/elife-47733-fig8-v2.jpg	unfriendly	0.03712407499551773
TestingImages/unfriendly/elife-48479-fig5-v2.jpg	unfriendly	0.9982905387878418
TestingImages/unfriendly/elife-48615-fig2-v2.jpg	unfriendly	0.9596184492111206
TestingImages/unfriendly/elife-49002-fig4-v2.jpg	unfriendly	0.19918015599250793
TestingImages/unfriendly/elife-49988-fig6-v2.jpg	unfriendly	0.9963635802268982
TestingImages/unfriendly/elife-53072-fig2-v2.jpg	unfriendly	0.9989797472953796
TestingImages/unfriendly/elife-53638-fig5-v2.jpg	unfriendly	0.9979852437973022
TestingImages/unfriendly/elife-54229-fig4-v1.jpg	unfriendly	0.9993064403533936
TestingImages/unfriendly/elife-55081-fig1-v2.jpg	unfriendly	0.0003166823007632047
TestingImages/unfriendly/elife-55732-fig4-v1.jpg	unfriendly	0.6907634735107422
TestingImages/unfriendly/elife-56079-fig7-v2.jpg	unfriendly	0.9882519841194153
TestingImages/unfriendly/elife-56095-fig5-v2.jpg	unfriendly	0.3678091764450073
TestingImages/unfriendly/elife-56584-fig2-v2.jpg	unfriendly	0.9999881386756897
TestingImages/unfriendly/elife-56916-fig4-v1.jpg	unfriendly	0.9972540736198425
TestingImages/unfriendly/elife-60581-fig7-v1.jpg	unfriendly	0.13450434803962708
TestingImages/unfriendly/elife-61531-fig4-v2.jpg	unfriendly	1.0
TestingImages/unfriendly/elife-61762-fig5-v2.jpg	unfriendly	0.9962241649627686
TestingImages/unfriendly/elife-61804-fig3-v2.jpg	unfriendly	1.0
TestingImages/unfriendly/elife-62387-fig6-v1.jpg	unfriendly	0.39166465401649475
TestingImages/unfriendly/elife-64175-fig4-v2.jpg	unfriendly	7.207047019619495e-05
TestingImages/unfriendly/elife-64249-fig8-v2.jpg	unfriendly	0.9999992847442627
TestingImages/unfriendly/elife-64395-fig5-v2.jpg	unfriendly	0.9999995827674866
TestingImages/unfriendly/elife-67489-fig2-v2.jpg	unfriendly	0.9998301267623901
TestingImages/unfriendly/elife-68598-fig6-v2.jpg	unfriendly	0.9997426271438599
TestingImages/unfriendly/elife-68598-fig7-v2.jpg	unfriendly	0.6658578515052795
TestingImages/unfriendly/elife-68958-fig4-v1.jpg	unfriendly	0.9990465044975281
TestingImages/unfriendly/elife-69099-fig1-v1.jpg	unfriendly	0.7177155017852783
TestingImages/unfriendly/elife-69709-fig6-v2.jpg	unfriendly	0.2285081297159195
TestingImages/unfriendly/elife-69749-fig6-v2.jpg	unfriendly	0.9793229699134827
TestingImages/unfriendly/elife-69815-fig6-v1.jpg	unfriendly	0.912227988243103
TestingImages/unfriendly/elife-70982-fig1-v1.jpg	unfriendly	0.9999998807907104
TestingImages/unfriendly/elife-74056-fig5-v2.jpg	unfriendly	0.10203257948160172
TestingImages/unfriendly/elife-76262-fig8-v2.jpg	unfriendly	0.9997308254241943
TestingImages/unfriendly/elife-78793-fig7-v2.jpg	unfriendly	0.9999977350234985
